-- phpMyAdmin SQL Dump
-- version 5.1.1
-- https://www.phpmyadmin.net/
--
-- Host: 127.0.0.1
-- Generation Time: Jun 27, 2021 at 01:42 AM
-- Server version: 10.4.19-MariaDB
-- PHP Version: 8.0.7

SET SQL_MODE = "NO_AUTO_VALUE_ON_ZERO";
START TRANSACTION;
SET time_zone = "+00:00";


/*!40101 SET @OLD_CHARACTER_SET_CLIENT=@@CHARACTER_SET_CLIENT */;
/*!40101 SET @OLD_CHARACTER_SET_RESULTS=@@CHARACTER_SET_RESULTS */;
/*!40101 SET @OLD_COLLATION_CONNECTION=@@COLLATION_CONNECTION */;
/*!40101 SET NAMES utf8mb4 */;

--
-- Database: `jayamaltextilesdb`
--

-- --------------------------------------------------------

--
-- Table structure for table `administor`
--

CREATE TABLE `administor` (
  `user_ID` int(10) NOT NULL
) ENGINE=InnoDB DEFAULT CHARSET=latin1;

-- --------------------------------------------------------

--
-- Table structure for table `categoryprice`
--

CREATE TABLE `categoryprice` (
  `c_name` varchar(25) NOT NULL,
  `size2_price` int(10) DEFAULT NULL,
  `size4_price` int(10) DEFAULT NULL,
  `size6_price` int(10) DEFAULT NULL,
  `size8_price` int(10) DEFAULT NULL,
  `size10_price` int(10) DEFAULT NULL,
  `size12_price` int(10) DEFAULT NULL,
  `avg_price` int(255) NOT NULL
) ENGINE=InnoDB DEFAULT CHARSET=latin1;

--
-- Dumping data for table `categoryprice`
--

INSERT INTO `categoryprice` (`c_name`, `size2_price`, `size4_price`, `size6_price`, `size8_price`, `size10_price`, `size12_price`, `avg_price`) VALUES
('Pre school frock', 632, 41, 85, 800, 28, 85, 279),
('School frock', 632, 74, 96, 89, 1000, 89, 330),
('Shirt', 79, 78, 85, 800, 46, 89, 196),
('Short', 500, 78, 85, 800, 28, 85, 263),
('Skirt', 79, 78, 450, 800, 41, 750, 366),
('Trouser', 79, 78, 96, 12, 950, 750, 328);

-- --------------------------------------------------------

--
-- Table structure for table `customer`
--

CREATE TABLE `customer` (
  `user_ID` int(10) NOT NULL,
  `firstname` varchar(45) DEFAULT NULL,
  `lastname` varchar(45) DEFAULT NULL,
  `address` varchar(100) DEFAULT NULL
) ENGINE=InnoDB DEFAULT CHARSET=latin1;

-- --------------------------------------------------------

--
-- Table structure for table `customizeduniform`
--

CREATE TABLE `customizeduniform` (
  `cu_ID` int(45) NOT NULL,
  `institution` varchar(45) NOT NULL,
  `color` varchar(45) NOT NULL,
  `fabric_Type` varchar(45) NOT NULL,
  `extra_note` varchar(255) DEFAULT NULL,
  `design_image` blob NOT NULL,
  `chest` int(100) DEFAULT NULL,
  `waist` int(100) DEFAULT NULL,
  `full_length` int(100) DEFAULT NULL,
  `hip` int(100) DEFAULT NULL,
  `shoulder_length` int(100) DEFAULT NULL,
  `sleeve_length` int(100) DEFAULT NULL,
  `sleeve_circumference` int(100) DEFAULT NULL,
  `arm_hole` int(100) DEFAULT NULL,
  `shoulder_to_waist` int(100) DEFAULT NULL,
  `front_crotch` int(100) DEFAULT NULL,
  `bottom` int(100) DEFAULT NULL,
  `date_time` varchar(45) NOT NULL
) ENGINE=InnoDB DEFAULT CHARSET=utf8mb4;

--
-- Dumping data for table `customizeduniform`
--

INSERT INTO `customizeduniform` (`cu_ID`, `institution`, `color`, `fabric_Type`, `extra_note`, `design_image`, `chest`, `waist`, `full_length`, `hip`, `shoulder_length`, `sleeve_length`, `sleeve_circumference`, `arm_hole`, `shoulder_to_waist`, `front_crotch`, `bottom`, `date_time`) VALUES
(22, 'test1', 'red', 'Cotton', 'pre school frock', 0x576861747341707020496d61676520323032312d30362d323520617420392e35312e313820504d202831292e6a706567, 1, 1, 1, 1, 1, 1, 1, 1, 1, NULL, NULL, '0:22:02 AMJun/26/2021'),
(23, 'test4', 'yellow', 'Cotton', 'shirt', 0x576861747341707020496d61676520323032312d30362d323520617420392e35312e313820504d202831292e6a706567, 2, 2, 2, NULL, 2, 2, 2, 2, 2, NULL, NULL, '0:23:50 AMJun/26/2021'),
(24, 'test5', 'red', 'Cotton', 'skirt', 0x576861747341707020496d61676520323032312d30362d323520617420392e35312e313820504d202831292e6a706567, 3, 3, 3, 3, NULL, NULL, NULL, NULL, NULL, NULL, NULL, '0:24:36 AMJun/26/2021'),
(25, 'test5', 'green', 'Denim', 'school frock', 0x576861747341707020496d61676520323032312d30362d323520617420392e35312e313820504d202831292e6a706567, 4, 4, 4, 4, 4, 4, 4, 4, 4, NULL, NULL, '0:28:01 AMJun/26/2021'),
(27, 'rgfrgrg', 'orange', 'Cotton', 'short', 0x576861747341707020496d61676520323032312d30362d323520617420392e35312e313820504d2e6a706567, NULL, 5, 5, 5, NULL, NULL, NULL, NULL, NULL, 5, 5, '0:51:33 AMJun/26/2021'),
(28, 'test1', 'blue', 'Denim', 'trouser', '', NULL, 6, 6, 6, NULL, NULL, NULL, NULL, NULL, 6, 6, '0:54:27 AMJun/26/2021'),
(29, 'ggggggggggggg', 'gggggggggggg', 'Denim', 'ggggggggggg', 0x63796265722e504e47, NULL, 10, 10, 10, NULL, NULL, NULL, NULL, NULL, 10, 10, '0:39:44 AMJun/27/2021'),
(30, 'test4', 'test1', 'Denim', 'tyty', 0x63796265722e504e47, 6, 6, 6, 6, NULL, NULL, NULL, NULL, NULL, NULL, NULL, '0:59:33 AMJun/27/2021'),
(31, 'fsdf', 'sdfd', 'Cotton', 'sdfdf', 0x63796265722e504e47, 10, 10, 10, 45, NULL, NULL, NULL, NULL, NULL, NULL, NULL, '1:00:17 AMJun/27/2021'),
(32, 'yuiui', 'yjg', 'Denim', 'drgd', 0x63796265722e504e47, 10, 10, 10, 10, NULL, NULL, NULL, NULL, NULL, NULL, NULL, '1:08:45 AMJun/27/2021'),
(33, 'tfyh', 'gyhg', 'Denim', 'htgh', 0x63796265722e504e47, 10, 10, 10, 10, NULL, NULL, NULL, NULL, NULL, NULL, NULL, '1:09:43 AMJun/27/2021'),
(34, 'test1', 'test1', 'Denim', 'dfg', 0x63796265722e504e47, NULL, 4, 4, 4, NULL, NULL, NULL, NULL, NULL, 4, 4, '1:13:47 AMJun/27/2021'),
(35, 'test1', 'test1', 'Denim', 'ererere', 0x626f792d7573696e672d6869732d6c6170746f702d636f6d70757465722e6a7067, 8, 8, 8, 8, NULL, NULL, NULL, NULL, NULL, NULL, NULL, '1:26:48 AMJun/27/2021');

-- --------------------------------------------------------

--
-- Table structure for table `fabric`
--

CREATE TABLE `fabric` (
  `fabric_Type` varchar(255) NOT NULL,
  `fabric_Info` varchar(255) NOT NULL,
  `extra_cost` int(45) NOT NULL
) ENGINE=InnoDB DEFAULT CHARSET=utf8mb4;

--
-- Dumping data for table `fabric`
--

INSERT INTO `fabric` (`fabric_Type`, `fabric_Info`, `extra_cost`) VALUES
('Cotton', 'jygvdefsydhvbfkydgfkuysdhvbfukdfygvkuyhdfvbukdyfgvkdfhvbkdfyvgdfvdfbdgfbfgnfghnfghnfhnfhgnfghnfhgnhgnhgnn', 450),
('Denim', 'Fabrics are hot', 7896);

-- --------------------------------------------------------

--
-- Table structure for table `feedback`
--

CREATE TABLE `feedback` (
  `feedback_ID` int(100) NOT NULL,
  `user_ID` int(100) NOT NULL,
  `f_date` date NOT NULL,
  `f_description` varchar(255) NOT NULL
) ENGINE=InnoDB DEFAULT CHARSET=utf8mb4;

--
-- Dumping data for table `feedback`
--

INSERT INTO `feedback` (`feedback_ID`, `user_ID`, `f_date`, `f_description`) VALUES
(1, 2, '2021-06-24', 'gayan'),
(2, 2, '2021-06-24', 'dgghthdt'),
(3, 2, '2021-06-24', 'hrthrtujtyuj'),
(4, 2, '2021-06-24', 'tykrtjryru'),
(5, 30, '2021-06-24', 'chandana'),
(6, 30, '2021-06-24', 'erhthsrthrrnn'),
(7, 30, '2021-06-24', 'rtjeyjejyj'),
(8, 30, '2021-06-24', 'tjkedyjky'),
(9, 30, '2021-06-24', 'tjkedyjky'),
(10, 2, '2021-06-27', 'gayan');

-- --------------------------------------------------------

--
-- Table structure for table `orderdetails`
--

CREATE TABLE `orderdetails` (
  `order_ID` int(100) NOT NULL,
  `uniform_ID` varchar(100) NOT NULL,
  `user_ID` int(100) NOT NULL,
  `selected_size` varchar(45) DEFAULT NULL,
  `price` int(100) NOT NULL,
  `quantity` int(100) NOT NULL,
  `total_price` int(100) NOT NULL
) ENGINE=InnoDB DEFAULT CHARSET=utf8mb4;

--
-- Dumping data for table `orderdetails`
--

INSERT INTO `orderdetails` (`order_ID`, `uniform_ID`, `user_ID`, `selected_size`, `price`, `quantity`, `total_price`) VALUES
(34, 'ski_35', 2, 'Can be change', 63534, 8, 508272);

-- --------------------------------------------------------

--
-- Table structure for table `orders`
--

CREATE TABLE `orders` (
  `order_ID` int(255) NOT NULL,
  `user_ID` int(255) NOT NULL,
  `orders` varchar(255) NOT NULL,
  `order_date` date NOT NULL,
  `due_date` date NOT NULL,
  `delivery_address` varchar(255) NOT NULL,
  `district` text NOT NULL,
  `postal_code` int(255) NOT NULL,
  `status` text NOT NULL
) ENGINE=InnoDB DEFAULT CHARSET=latin1;

--
-- Dumping data for table `orders`
--

INSERT INTO `orders` (`order_ID`, `user_ID`, `orders`, `order_date`, `due_date`, `delivery_address`, `district`, `postal_code`, `status`) VALUES
(16, 30, '22(1), 23(2), 24(3), 25(4), 26(5), 27(5), 28(6)', '2021-06-26', '2021-06-19', 'Nikaweratiya', 'Matale', 754454, 'Packing'),
(17, 2, 'ski_33(45), sho_34(4), sch_1(1)', '2021-06-27', '2021-06-19', 'rtgyrt', 'Matale', 123456, '');

-- --------------------------------------------------------

--
-- Table structure for table `uniform`
--

CREATE TABLE `uniform` (
  `uniform_ID` varchar(10) NOT NULL,
  `u_description` varchar(255) DEFAULT NULL,
  `u_image` blob DEFAULT NULL,
  `u_name` varchar(45) DEFAULT NULL,
  `c_name` varchar(25) DEFAULT NULL
) ENGINE=InnoDB DEFAULT CHARSET=latin1;

--
-- Dumping data for table `uniform`
--

INSERT INTO `uniform` (`uniform_ID`, `u_description`, `u_image`, `u_name`, `c_name`) VALUES
('sch_1', 'drgdrgrg', 0xffd8ffe000104a46494600010100000100010000ffdb0084000a0708121211111211110f1111110f11121211111111181112111814191a181418181c242e251c1e2b2118192738262b2f313535351a243b403b343f2e343531010c0c0c0f0f101c12121831211821313434313f313536373134343434343434313a3f343f31363d3f3434313131343637313f3f3435313f3f33313f313b313f31ffc000110800ca00f903012200021101031101ffc4001b00000301000301000000000000000000000001020403050607ffc40045100002010203020a06060806030100000001020003110412210531061322415161718191a132526272b1c114334282a2b2234353637392c2d1243464a3b3d27483e154ffc400190101010101010100000000000000000000000102050304ffc40025110101000202020103050100000000000000010211314103215112a1b1132281c1d104ffda000c03010002110311003f00d82544239b6009404425080e30200472071810108684768011c00423b476813685a54204da12a044082229568a028888e0604c9225988c328224cb90650a23198408324cb32604c20610119ae64335c0e38084040a12a211890508c08a508684622942012844254023b490e2f946ac772a8258f601acdf86d9388a9ba9941eb54217cb56f2818ad3560302d549b5d69a119ea5af626dc9039ceb7ea1dc0f6f43833a7e92a9bf453503f135efe02765b3e820c3a2016534f2b0e7cc459c9e937beb1225ae8ebec065be5af44f53829e609f84e04d8b50efa98603a55d9cf8587c67a8a0465d42865e4bd80f4873f7efef91502ea485b0d49205809a936cdcac797c76c97a685d5b8c08a19c04b594df94ba9bdada8e833aeeb13dce0e98009ca173b16b5ad616b0d3b003da4ce82970783f1ad4aa9a60622a2a23286a602b58816b102e0f39b4cd8b8df9748629d8e2762e2a9fead6aaf4d2704ff2b58f85e75952a846cb503d36f56a2b21eecd6bc34a3265446049124cb3261971984662942324ca324c09314662808cd73219ae071c7108e050942294240c47108e1a3128491196005c9b0e9302a6fd97b26a622cc6e947d7fb6fd480f37b474e8bcd9b1b6197b54aea426f4a4c356e8671cc3d9f1e89ea55212d61c16129d16294d151590369bcb0d18963a936c9be6e9c75c59a99e7cccbdc549f8a89c92a1898f0dc93513d5a8587bafcabf896f09b04c58b714ea2bb10a8ea51d8e8015bb29279b4cde502316c17979951aeaa0b10158936543da4e9cfaf6838f67e2b8f2c1c1a752991c661cfa4879998fda536d08d0f5f3706d405e8bd6ab866c4d2b8098502ecca4f2aa952356b6a06f1d44991b231f86c490986e369d6a086eb595f8d417165766b9653ae973dda4c7d7acb5bf4f69e1df8ae7add979f877b88aa29d37a877223376d86e93b2e89a74515bd2cb99fadd8dd8f8933257abc7353a362ad9f3d65e755420d8f516cb63ce019db19aaf18532e3292d40b4dd5595d8665600a951ca2083cda5bbe6a9c7bdd3dc73e6b28f2db53838d4eef8505937b5026ecbee13bc7b27b8f34e89581ddd3620e8411bc11cc67d3196745b6f612d6bd4a642570379f42a5becbdbf36f1d7ba45e1e424ca60caec8eac8e9e9236f1d047483cc468649844992653499406419724c08314a32602335cc866b81c7188a3817284994240c47108e1a54d5b06a5338ac95149a81454c3a9b716f96f9d40f5c0b11d87a0cc82457a45b2b2b147460e8e37a3a9b82207d3299040606e08b83d2232d3ceecedbf4f89e36b32d20095a8a4e89580b9551bc86f4940d7789d1ed4e10e271374c286c2d13a1acc07d21c7b2bb9075eadeec32f5f5f194f8ea7478c4e34967e2f3af19902302d977db51af5cd93e73c1fc0d3a18bc33a825ddea23bb125dcb236acc7526e04fa3440c41d030b300c34362011706e2025c0ea384187ab5292ad0c4ae1ab7181958ee7b0374b75defb8eedd3add8b89c70c42d3c6e1e98215f2e2a95b2beee41b6ebefd72fa3ba7370ba960aa252a58caa68dd99e93836b328b13720a8d1bed4cbb23656230f529b2e37e9383cde8b9bb827452adadf53cc40d774f0bbfafd7e7fa743093f42ef5bbbd6e5fb59f8af58545ef617b6fe7b4996d22d3ddcf298f158ba749e97195129f199d133baae67e49ca2fbcd81d3aa6c9e4786a8b51f0d4dc065c959c822e3ec2fccca3d82bcab033e67b3f1b89c1fd43f1b46fae1aab1ca07b0fbd3cc754f5185e14e1eb536e5b5175566a94ea5854a68a394cbccfd00adf522418386b5e9e5a632e6aeec568106cca8a41a9518f3aee5039c9bf58e8a3ad59ab557af51729701513f67457d041e249eb2623025a4ca693282499524c0932651930119ae64335c0e311c50102c4a1244a120a11c518868c4a1244620234509cc54161cf6179ca2488c406af96a507f531344f71700f919f429f37c63591986f4e58ed537f94fa3ab5c0237117f18895425ce2bea3aef2c454798e16e2b021a8d2c753621d1d91d54de9d880daa9cc2f71bafba759b3b6061d1d71181c697a4b503d4a39832b2dc686c45adbf9409d26de15ed4c0ad64a18ca1c6834830a81416405985858861bb7aceab0dc1ec0d475af80c610c8439a44e639575296366171a6b79f35f79712fe5d8f16f1ff9e6ee58cb3e378dff001f4432098d4dc03d20491bcf709f4c72289e3b850f7c528f530ebf89dbfb09ec6785db8f9b175fd8e2d3c1149f363148c321e9a92095048d412374b88c2949328c986526498cc46508c9328c9301193198a02335cc866b81c701108e050942409502c4a12047234a8c440c20588e44701565bab0e9523ca7bad8d573e1b0efeb50a64f6e4179e1ccf57c127be0e903bd1aad3ee5aae0795a225772dbd7b7e467209c4dcdef09ca22a4790e11ed9d9eb88387c6e1f3e5456157206c99b9ae394bdd3aa1c18d9f8939b038b08e39429b10d63cdc96b30f19d8edfdadb3c621e863b0ae48ca16bf1770c0a83c96166d2f6d2fba7547839b3313fe531c29b9d569b90c41e9c8d67f39f265ef2bc5fb5777c3fb3c73de786e73ade37f87d130c6e8879f22dfb6d1afdaedf909c3b3a994a34d1886644552c373102d9876ce64dc7b4fc67d53871329aba13e735aaf1952b54e67af548f77390be404f7f8cc40a74ea543ba9d37a87b1149f94f9c61148a680ea422dcf5db596a47313263311852324c724c325140c2508c8328c930118a0610119ae64335c0e211c911880c4a064c6205894240318320b8c1931c3471de206102a7a2e0bf1630dabb2e6ad54fa640f4c8d2fa734f3355eca481736d07393cc27b3c0e1f8a7c1e187ea6854aae473d423213de5dcc0dc329dd58eff5a99d7bc4e6546e6aac7eed3f9098f16c1abe190806ed56a9d39969941f9e4d4446c5d34caa42e1aab91956c497a601f26f1315235d6c18716a816a29f49591483e33ceb703f0cd88ceb405344fb37252a374e426ca079f469af7429a7d299322dbe8e8e06516be7704dbc3ca2c5d3a6b5b0cb9100a8d5508ca2da216171f7662e32f31eb879bc984b31cac97e2b43d17b596ab25ba129dadd16227120656657aa745560790bbcb5f9bd9f39c3b5e828c3562aaaac293156550181b6f046b0c5a8fa335545bb0a69557526f92ce00bee1a1d3ae6de2cdc2034ce131403b39fa2d6b00e4dec84dac278f46ba8b6eb09efb695650946a8e526740dd069541935eabb29ee9f3f5c39a4d5281df46a3d317de501e431ed5ca7be1a5c9263262864899302623282231c930118a0623014210808cd73219ae067128498c40b808818e03065488c18160cabc8063905c01920c77869af6461f8dc5d14fb2ac6ab8f652c47e22b3d5e04e7c4e29fa053a287a002d9adde2f3a7e092655c5625868b6a697e708b9d88ed2c07dd9de6c1a56a773bd9d989eb002fc434329a273636a1e6a587541d4588631614e6c7553ea50441de737ce2d8c331af539dea5fb1492c07830f086c639abe25fa5addc1dc0f25103950ff008f3ff8961dd505fe30db06d5308dcc3116ef652a3f348a63fc731fdc5bf29b7ce3e100d28b7ab5c1f0527e522f4d1b447e86a7f09ff2ce3d9c99f0c10fa8f4fb8164f80139f1a2f4aa0fddbfe5333ec96d1c7b6ac3b1910fc734d23261178ed9ed4cfa4b4da9d86fba6a9e416799db7ad5a55bff00d34067b6ee369f21fcb2f84f5bb2004a988a7ed9703aaffd8acf3fb6f0d6c3ba8df85c4071d3c53128df1569074b2498af15e501842060232498c9924c04628c98a01084202335cc866b81944a12600c0b0650320460c0b808af1c0623064c2f02ef26ab855663b8026179cd81c3f1b88c3d2de1eaab3fb89cb6f10b6ef81eb30f87e23034691d198297f7989a953fa84dd489a784cdb98d2b8f7df5b7f334cfb598bb941f65028f7ea35addc079cd7b55ecb4d3d67b9f7501627c42f8c838f65009499b9b3b9ec55b2ff4ce2e0f036727795a57ed2a58fe694d75c1eba16a3bbda7ff00eb4e5d90b615bf8d97c15440e253fe33bf2ffb579cbc2017a69fc43ff1bce1523e960fef8af7fd1e69db1e8d3ebaa078a3476bd390b66a57f5a95fc5664d96daafb787a447dcb83f9c4d18137a14ff0086a3bc0b7ca65c01b0c31e9a6d4ff086fe897a66f22a9c98b56e67c97ebcea57e28b38f68e183567461c8af4cd36ec7529f154f19cbb6010cacbe9716e54fb68caebf38f6b0ce29b2fda560a7da2a1d0f8a48af9fd3b8195bd34251fdf5366f30654d9b6a985c5391e8d654aebf7c5987f32b78cc44ca19924c0993780444c098a01084201084202335cc866b81961084004a1260205de30644702ef1c8bc60c0a9ddf02b0f9f115ea9dd4916921f6dce67ef0153f9a742ef6049e6179ebf83748d1d9c1f73d60f5baf354364f05c9e1035d0e5d543ccf5dea7dca62c87b345f197b5deeee07d8a2147beedfd82ce5d9b4ad54db752a0a8075b9b9fc83c667f4deff00b4c583dab4f779279c769d356d2164a69eb55a6bdcbcafe997b27eac9f5aad43f8c8f94e3c71bd5a43d55a950f8003e26736ca16a14fad737f372be71d2f6c74ff00cc83fea5c7fb247ca6ddac3934ff008e9f06130d2fad43bef8cabf95c7ca6edafe827556a7f1325e6138a9d99f54a3a19d7c1d84c78436a545bd574f36cbfd466ad97e8b8f56b541e26ff398e9ff00976e951508ed56247c26a25e9b769ae94dbd5aa01ec652bf12267bff0085eba0fcfcc11bfe9356d1e55073d0aae3ee90df29c58250c6ba1f46a057b753ae56fca3c667a5ede5784d4ac28bfa95aa503d6aebc6213d995877ce9499e9f6d5135309574e5fd1c54d37f19876ce5475901c4f2a8d700f488a4e146230262941084201084201084202335cc866b81961084021084023bc50815785e4c2f022b52351928adf357a89485b780c6cc7b85cf74fa4e3900e22928b2e6bdb9b220d07895f09e27825438dda218ea985a0efd951f909f84d4f09ed2abfe96a39dd4d020e807d263e63c22729787260df252c455d357a8cbd88a140f153e3383054ecf454dce4a2ec4fb46c2fe6d392aa65c352a76b1734c376939dfe07c65e105ea556f55512de2c7e2227756f519f14ff00a4acdcd4e805ef3998fc44ec308b969d35e70883c1275389e5262cfaeed4c77014e777ce3b4c548ea30fe921ff005957ccb89bf6c7d5af555a5f9c4c143f5477df124f7167d6761b63eabff652ff009164bcc59c5716037d61fbdbf7144fec67060d6e8ea7f6b587e369cd83facac3d9a4de39c7f4ce3c1feb3aabd5fcf373966f0e7c10cf4114fdaa591bb72e53e77997675439b0ec77bd36a6def05cdfd07c669d94790cbea55a8be2d987930989b921cfec7125ec3d40f9ac3ee9332b7a3c420535011a25615376f47f4fc99c4f9f25234cd4a477d1a95299eb08c403de2c67d2f1b4c71bafa3529153daa7fb3f94f9f6daa65316f7fd752a7509e975bd37f34bfde8e89cb8210842884210084210084210119ae64335c0cb08420108420108420108420709a2cae2ad2a9528d502c1e9b95247aac3730ea3713b7a5c22aeb4dd1e9a562e0e670f91d89de48b11e169d74207a43c32a2ee86ad2af4020626e99d731b016c973602fcdcf35e0f85b8040e5f12a85aa3372a9d51c9b003eceba09e424b203bc03dd06bdede9b03c24c1d55a74d3134cd4a95d0946ccad76a8091ca027b006e45b5dfba7c91f094cefa687b8413088be8029ee332fc23669f44c3fa140fef93cdcff79d96d7fa96ea7a67f1acf98ad4700015b1000b580ad52c08dd617d2723e26a91635f12c34d0d6a84686e39e4a49a8fa1e1feb9fdaa4a7f95cffda751576fe0f0ef5e9d6c453475acc4a5cb38cc01d55413cf3c83d473ab54acc7aead43a746f9c428aefca2fd3cf2efda6bd3d7ecfe1660b3d6fd3365675653c4d7e55d6c6dc9ea126bf0930c5aa95e35d5c2e829b024e5ca7d3b69a09e5028e811c2e9dce3784f59d5169a221403f48ed9d98e5ca4e416037df799d11476a86ad4a8f52a30b166b0d3a0016007609c90804210804210804210804210808cd73219ae06584210084210084210084210084210084210084210084210084210084210084210084210084210084210084210119ae64335c0ffd9, 'School frock', 'School frock'),
('sho_1', 'fghfghgfhdfghfghdfghdfghdfghdfg', 0xffd8ffe000104a46494600010100000100010000ffdb00840009060712131215121212151515171817151518171515151517171715171717151515181d2820181a251b151521312125292b2e2e2e171f3338332c37282d2e2b010a0a0a0e0d0e181010172d1d1f252b2d2d2f2d2d2b2e2e2b2d2d2d2d2d2d2d2d2d2b2f2d2e2f2d2d2d2b2e2d2d2d2d2d2d2d2d2d372d352d2b2d302d2d2d2d2effc0001108010c00bc03012200021101031101ffc4001c0000020203010100000000000000000000010200030406070508ffc40044100002010203030a0206080309000000000102000311041221053141060713225161718191f0a1b132728292c1c2334262a2a3b2d1e11452531623434454636473d2ffc4001a010100030101010000000000000000000000010304020506ffc4002c11010002020102050206030100000000000001020311210412053141516171911322324281b152a1f023ffda000c03010002110311003f00edd16f1a24e1d2308d1418c06902484419234004419a13156010d23090f18784080410ac8440023450bdf0aeb000f192fd9091071f7efb204bc2da880f08560002468541e3230800e918c5ca7b64100888c211e22143009814c302f1804181e0bc6681148e12168036b018041bc996283ac726008d16d7860406fba1262a8858c0818485a007580c021a4cb16f1c9802de518453ac20408184862e58498101d6168177c8c6030922a98d0109ee8d12328bc08077c305e4b030201ac8c24f08358072c8c610600b01a0060e10080c643151a1668108f9c8c20b892f00e585a00642bac0224bc804004026427b601bfdf7462600561c21310b42774039a18b710a400049703480da3308020d2f180d20f0b400d145652480c2e378bea38d88de384356a0504b6800249ec005c99f30ed4c71c4626ae28efa9519c1dc4027a8b7ee5ca3ca69e9ba6fc699e75a577bf6bea0bfe315e7ce9b3b9558ea1fa3c55503b19ba45f25a9703ca6d1b3f9d6c4ae95a8d3aa3b56f49bf303e825d7f0fcb1fa752e63347abb11795338ed3341a1ce8e0985ea74b48fed2161e469dfe5329397b8161a62547d6575fe651334e0c95f3acfd9645a27d5b91aa38187a6134d3cb5c17fd552fbe232f2c308776229fdf138fc3bff008cfd8ee8f76e06b8856af7cd1eaf2f706ba74a5beaa39f8dad3cfda1ce6d04463452a3b8fa21942a5fbcdef6f29657a6cb3e559477d7ddd1b138da74d0bd475441bd988551e24cd1b6f73af86a775c3536aedfe637a74fc89199bd00ef9c9f6b6ddc462df3e22a17e2abb913ea26e1e3bfb49987967a187c3eb1cde77fd2ab659f4772e6e396cd8ee969d608b594e75080856a64db40493753a1fac26ea57c67cd3c9ddaaf85c452c42024a35c8bdb321d1d3cd6e3b8d8f09f48603169569a55a64323a8653da08f8784cbd6e0fc3b6eb1c4bbc57dc72b82f649c21264bcc4b491924cb08b405520f08e045b7bf18d017c211d9037be30c08208621f281ab739db48d2d9f5b2901aa5a88b9b1b39b3dbbf2679c12d6b0f7eb375e7636a355c69a6ac3a3a2a12dc0543d6723c8a0fb134ca6e0efb6b3dee8b176628f79e59325b764b77411f27007c3ba452771b5e6cd2b62e2069e7f295d21751e7f33335d7494204dc6e0f89f84e66394ed553524faccd5dd314375b4bcc8a7a6fbfac9a9275116a0b832c03480acef4e58f4289e32f14c40ab0ee91a4aa7500f103ba74ee67b6f152d8276d0dea51b9dc7fe220f1fa407734e69941d3e12cc0e29e8d54a88d95d08646ef1ad8ff004e22519f1464a4d67fe9755b6a76fa790c633c8d85b51713469d65d03a86b761dccbe4411e53d457bcf9c98989d4b60da182d0fbed9094b46824d2041213154ebefba42d0213de260ed3c70a349eab9195159cf828bfe132cb4d079dada7d1e1052075ace17ecaf5dbe21479cb3153bef15f77369d46dc6f16e6a546a8fab3b33b76666258fc4980e1c4648ccf3e962218f640b6dd7f5969b3095298a4c9da0456b1ca7cbb21aa9c6da7ca014c3aebbf5f9c386623aad10102d88225ac6fc35f7b8c3885d2fbad2c3f8c682527e12ba958dec21736d65544718dfa0be930b0965ef31d44b019301b78f7be4b03a1f7fde560d8cb37ea3ce074be6936b9cb530ac7553d2277ab68d6f0363f6a74ca3538fbdffde7cfdc97da5d062695526cb7caff005586537f0b83f66776c2551a6be13c2ebf17665dfa4b562b6eaf56f08f095537065b30ad4d7ba110797ca18004431ed12a0818f51ad38ef3bf8ccd88a54f82532de6edfd107acebb8961385f39557363aa6bb822fee29fcd377415de5dfb42acb3f95ac8d748e748b4cc663a4f6d98108220224205e461082d2247c7e72e6d75e331e99d0470c7b0c448c8bdf4958a9c2203d9148f99f9c9d8359e44d0088fc25ecba48162da095a8e31c89d201964048d7d65a901023493299d7b90bb4fa5c325cf593fddb5ff006777ee9138e67b4dc39b7da76aed4f83ae9f5975f916f498faec7df8a67d639598a756767c33ccb13cbc1b4f4d1a780d66b6e8562de3c0025554cb018954c0f3718da4e0bcb5a97c6573fb76f4007e13bc634cf9fb94b533d7c41ecab52de19c813d2f0e8fcf69f8539bca1e60696a6b2a54b8d220620cf5d9d90d21dd2ae923df48da18e37082f32e8d0ba8f095d5a3691a9d27694ab0dc65856e0dbc7e1284c393ba5d4d4ae9bfc24c12445d664b095d25275d20a8489283080b4ad5af21a4dc3511b0c2b5a06c408570878e92d5c12f8c7270c4cf98cf5363e29a8d6a5506811959bbc5fac3d2f156901b840cd6d6269b898936fa03673e9bef3d7a66699c84c61a984a2c77e5c87c5095fc04dc2819f2f7af6da6b3e8dd13b8db21a340077420ce5241efd3fb45ab1c03efce0aa207918d237dfbe7cebd29767275b963ea499f41f296af4787ad53fcb4aa37a2133e77c21d4cf5bc363f54fd19f37a1283900e97d63b5743f494c37c8e7b0ccc1669ea442860f4b4f87e30661626e3c38ccd3865ec83a051c235228c33d858eeb464eb7844ad52e72897136126017a816639af7d6de112d98c989d01f032264d32175eb71e32cd0cc5a0dadbcc4c902d2627628ad833bd4da54b8865d0a999e2365f38edf636c4a58c0784c80f2aad841bc4aa9552ba18dcc798cb116a0905506426f3a43a4f34d8bbd3ab48ef560e3c1c5b4f34f8ce9786f7eb38a736b8bc98d54274aaac9e63ae3f948f39db2809f3dd7d3b734fcf2d78a775645fbe49010635a635a06246bc838c0d5b97cf6c0e24ff00db23ef10bf8cf9fb0c7ac6778e742b0180a838bb220efeb863fba867047eabcf67c3e358e67e59b2fea67d7a7712aa7713214e929a8d3d29528d5c898f5310cda43d19332e85003c647322bc3d0ca2e77c15bb25f51a541759d6bd0054004c7c60ea9edb4cc7130f187aa7cbe739b79104a5faa7bc8fc666acc555ea781bcc843a4549124c65ab0a981927485aa62d4a20c40f2e56bc94315a811ba149952b6591a4aed958ce8ab53abfe9babf92b027e179f4853dd71ba7ccea27d01c8bc6f4d82c3d4bdcf46158fed2751be2a7d6795e274e2b6fe17e09f387bca2181619e43490b437d22c6581cff9e836c0d32386210ff0eace358fa770184ebbcf7571fe1e853ff35466fba96fcf393e1bad4eddd3dde823ff0018fe5972fea55863984b1689e331509469e953aa089b6bcaa9444b45261768b79da15c7491e3a2e9204130719f418f87cc4caa862554ea30ed122dcc2609457aa443424c337554f75a15d0c881685960897833ced00f4ac62235b4978a916ad3bea24099a4cd02ac3964889be75be673685e856a04eb4dc3afd5a83ffa463e7393531a93370e6b7687478e084e9551a9f7661d75fe523ed4cbd6e3efc36f8e7ecef1cead0ed59a344cc2149f38da00437b192fdd091039373dd52ef875ec476fbcc07e49ccb66d4de2740e78aa66c62a5fe8d1407c4bb9f91139ba9cad3e87a48edc5463bf3697a388a00ca29a913269d60606226bd2b298098d68d9440545bea61a8fc20a952d1517b6000a65a469182484e92743170e3ab690cf5317b319292bdb7019bcff00bfce798e251872464aee1d5a3527bc9226b1b2cb9c805856f184324404457695b4ad9e46c5bd37013336462cd2ab4ab7fa6e8fa7ecb036f84f3f0e8cec1514b31dc141663e006a66ff00c9be6e7115acd88bd0a7df63548ee5fd5f16f432ac99694afe79d3a8acccf0ec142a8601858822e08e208b832d94e170eb4d129adf2a2aaadc927281617277ee974f989f86d29847645f7a46b425c079c1350e3f106a29539fab7e28005423b41500cd4ab4fa8f1b82a55572d5a49517b1d5587a19ace3f9b6d9d56e7a26a64f1a6ecbe8a4951e93d6c5e2148ac56d1ad33ce19dee1c0a9bcb95bbe754c6f3374cfe8716ebdd529abfc54afca78b89e68f1abf42ad071dece8de8548f8cd55eb30cfee7138edecd1f376190b99b3d6e6e76927fcb86fab5697e2c262d5e476d04d5b0957c943ff002132e8cf8e7cad1f771359f67848a4ef97a99756c155a7fa4a4e9f5d197e6256841ec96c6bd1039a65eccc2f4b569d21facc01f0dedf0066330be9370e6af6774989a950ebd1269f59cd81fba1e579f27663b5be1358dcc4368c46c3574642346054f98df390e370ed4aa3d2a82cc8c54f9711e22c7ce7d1430d39cf3b1c9db05c622f6255fc8ff97eecf23c3f376dfb27d7fb68cb5dc6dce28af0f397849b2f2779bfc66200665e8138354b8623ba98d4f9da6f5b379b1c2a6b59ea553c75e8d7d175fde9e95fadc38f899dcfc288c769721027b5b3b9258eaf634f0ef63face3a35f1bbdae3c276cd9db0f0d43f434110f68519bcd8ea7d67a07498f2789cfecafdd6c60f79725c2f34f886b1ab5e953faa1aa1f8e51f19b16cee6b3054ec6a9a958f633645f44b1f533792b0098efd6e6b7eed7d16462ac30f66ecba14065a1469d31c722804f89de78ef99b27bee93de9334cccf32ed2d1af05a490940d218a0fbf4909807ce4f3912318008902c1786f005bc60b4792001a0d6626236561ea7e928527fad4d1be6265910c44ebc90d7315c87d9afbf094d7ff5e6a47f8644cad83c9dc3e1338a0aca1c82c198b6e040b13adb53eb3d791a59396f31db369d23b63cf440b2140778b8dfbae2f707e768ea235a56e832e922ada180b408560291898018000f7a403dfaff0078c3dea60d04024c9e62406f25e00f38c20bc2200062c6b4844055df1cc12130205f7e5692d203dd016804992fdd1418f68033431498d016d0718cad784c00b2130027b24630278c3f08aa635a0422003df9437b420c00a22460fc24610029d612240b0b401963089c63c002032030c01d9208d1498001d642215df23080b1c9932c04c08177c22480340807f484c86430146f918424fce161010c763001231e1025b58988aca8a5dc8555059989b00a05c927b258b35be7130952b6cfaf4e8825c85361bd955d59940e24a83a719d52b16b444ceb97369d44cada7ca646a2712b42b9a001715322f5940d5d69e6e932f7e5efddac6abb7c1c5ff82515055c9d2fd042992f6cd7e9071e1bfba0e4e6d5c3b60283874c9d12211a1b3050a69e51a96be997799e2023fda1b7fe15bf892f8c7599b46b5a89ff004e3be6353bf6538fe5962152bd4a594ae1ea1a55ba4c39b238397529886245f885b4f1f11cbcdaa95a9d06a3860d54a0a47254c8e2a101595855b1537bdc4c1aea0e1f6bb1af955718ec6912b92b5aa121188b3ea45baac374cbe5e6db5386c0e5a6296229ad3af93fd1b2ae4a66fa8b90a6dd8bacb671d315a38dee75cfcc46bfbfa2ec536ea226bad4c566db8e3cb73ceb8d71f5dfafa4f55a21b280ec19ec331552aa4f12aa49b0eeb9974c5d958e5af469d64fa35115c7da17b1ef1ba64de62989df2e60a3dfc6331880ea07be32c9092a98d2490158c8040defd230100032116e3229dd091025a0044680880121681846100180091a451025e1220edf284881009462958ad90806e38db4b8b8bd8db4bf0feb32242207915b66b595e90a4b88b75ea746b763d19075cb700bdbcafe072ab60c6646094cea7392a2e6e0ea0e5249bf84cc2348bc3ce4ee51a62d3c0a2b96e8e985cab96c8a08605f31bdafa829e8678f86e48e1d8b9c4d0a15589cc1b20b9bea73123537275ec026c6ea2dba053a9f7ef746f9dba8b4c44c44f13e7f2c2d8982e82853a242828b62298b25ee49cabc05c999c0f8c69244cedcbfffd9, 'short', 'Short');

-- --------------------------------------------------------

--
-- Table structure for table `users`
--

CREATE TABLE `users` (
  `user_ID` int(11) NOT NULL,
  `username` varchar(255) NOT NULL,
  `phonenumber` int(10) NOT NULL,
  `email` varchar(255) NOT NULL,
  `password` varchar(255) NOT NULL,
  `uType_ID` tinyint(1) DEFAULT NULL
) ENGINE=InnoDB DEFAULT CHARSET=latin1;

--
-- Dumping data for table `users`
--

INSERT INTO `users` (`user_ID`, `username`, `phonenumber`, `email`, `password`, `uType_ID`) VALUES
(1, 'Gayan', 779469179, 'mglmuthukumara@gmail.com', '12345678', 1),
(2, 'Nimmi', 767960071, 'Jayamali@gmail.com', '123', 2),
(20, 'Supun', 714567891, 'supun@gmail.com', '456', 2),
(21, 'Nuwantha', 714940603, 'nuwantha@gmail.com', '159263', 2),
(22, 'Thiwanka', 724781456, 'thiwanka@gmail.com', '748159', 2),
(30, 'Chandana', 779469179, 'chandana@gmail.com', '789', NULL),
(31, 'Donal', 779469179, 'donal@gmail.com', '369', NULL);

-- --------------------------------------------------------

--
-- Table structure for table `usertype`
--

CREATE TABLE `usertype` (
  `uType_ID` int(10) NOT NULL,
  `uTypeName` varchar(45) NOT NULL
) ENGINE=InnoDB DEFAULT CHARSET=latin1;

--
-- Dumping data for table `usertype`
--

INSERT INTO `usertype` (`uType_ID`, `uTypeName`) VALUES
(1, 'Admin'),
(2, 'User');

--
-- Indexes for dumped tables
--

--
-- Indexes for table `administor`
--
ALTER TABLE `administor`
  ADD PRIMARY KEY (`user_ID`);

--
-- Indexes for table `categoryprice`
--
ALTER TABLE `categoryprice`
  ADD PRIMARY KEY (`c_name`);

--
-- Indexes for table `customer`
--
ALTER TABLE `customer`
  ADD PRIMARY KEY (`user_ID`);

--
-- Indexes for table `customizeduniform`
--
ALTER TABLE `customizeduniform`
  ADD PRIMARY KEY (`cu_ID`),
  ADD KEY `fabric_Type` (`fabric_Type`);

--
-- Indexes for table `fabric`
--
ALTER TABLE `fabric`
  ADD PRIMARY KEY (`fabric_Type`);

--
-- Indexes for table `feedback`
--
ALTER TABLE `feedback`
  ADD PRIMARY KEY (`feedback_ID`),
  ADD KEY `user_ID` (`user_ID`);

--
-- Indexes for table `orderdetails`
--
ALTER TABLE `orderdetails`
  ADD PRIMARY KEY (`order_ID`,`user_ID`),
  ADD KEY `user_ID` (`user_ID`);

--
-- Indexes for table `orders`
--
ALTER TABLE `orders`
  ADD PRIMARY KEY (`order_ID`),
  ADD KEY `user_ID` (`user_ID`);

--
-- Indexes for table `uniform`
--
ALTER TABLE `uniform`
  ADD PRIMARY KEY (`uniform_ID`),
  ADD KEY `c_name` (`c_name`);

--
-- Indexes for table `users`
--
ALTER TABLE `users`
  ADD PRIMARY KEY (`user_ID`);

--
-- Indexes for table `usertype`
--
ALTER TABLE `usertype`
  ADD PRIMARY KEY (`uType_ID`);

--
-- AUTO_INCREMENT for dumped tables
--

--
-- AUTO_INCREMENT for table `customizeduniform`
--
ALTER TABLE `customizeduniform`
  MODIFY `cu_ID` int(45) NOT NULL AUTO_INCREMENT, AUTO_INCREMENT=36;

--
-- AUTO_INCREMENT for table `feedback`
--
ALTER TABLE `feedback`
  MODIFY `feedback_ID` int(100) NOT NULL AUTO_INCREMENT, AUTO_INCREMENT=11;

--
-- AUTO_INCREMENT for table `orderdetails`
--
ALTER TABLE `orderdetails`
  MODIFY `order_ID` int(100) NOT NULL AUTO_INCREMENT, AUTO_INCREMENT=35;

--
-- AUTO_INCREMENT for table `orders`
--
ALTER TABLE `orders`
  MODIFY `order_ID` int(255) NOT NULL AUTO_INCREMENT, AUTO_INCREMENT=18;

--
-- AUTO_INCREMENT for table `users`
--
ALTER TABLE `users`
  MODIFY `user_ID` int(11) NOT NULL AUTO_INCREMENT, AUTO_INCREMENT=32;

--
-- AUTO_INCREMENT for table `usertype`
--
ALTER TABLE `usertype`
  MODIFY `uType_ID` int(10) NOT NULL AUTO_INCREMENT, AUTO_INCREMENT=3;

--
-- Constraints for dumped tables
--

--
-- Constraints for table `administor`
--
ALTER TABLE `administor`
  ADD CONSTRAINT `administor_ibfk_1` FOREIGN KEY (`user_ID`) REFERENCES `users` (`user_ID`);

--
-- Constraints for table `customer`
--
ALTER TABLE `customer`
  ADD CONSTRAINT `customer_ibfk_1` FOREIGN KEY (`user_ID`) REFERENCES `users` (`user_ID`);

--
-- Constraints for table `customizeduniform`
--
ALTER TABLE `customizeduniform`
  ADD CONSTRAINT `customizeduniform_ibfk_1` FOREIGN KEY (`fabric_Type`) REFERENCES `fabric` (`fabric_Type`),
  ADD CONSTRAINT `customizeduniform_ibfk_2` FOREIGN KEY (`fabric_Type`) REFERENCES `fabric` (`fabric_Type`),
  ADD CONSTRAINT `customizeduniform_ibfk_3` FOREIGN KEY (`fabric_Type`) REFERENCES `fabric` (`fabric_Type`);

--
-- Constraints for table `feedback`
--
ALTER TABLE `feedback`
  ADD CONSTRAINT `feedback_ibfk_1` FOREIGN KEY (`user_ID`) REFERENCES `users` (`user_ID`);

--
-- Constraints for table `orderdetails`
--
ALTER TABLE `orderdetails`
  ADD CONSTRAINT `orderdetails_ibfk_1` FOREIGN KEY (`user_ID`) REFERENCES `users` (`user_ID`);

--
-- Constraints for table `orders`
--
ALTER TABLE `orders`
  ADD CONSTRAINT `orders_ibfk_1` FOREIGN KEY (`user_ID`) REFERENCES `users` (`user_ID`);

--
-- Constraints for table `uniform`
--
ALTER TABLE `uniform`
  ADD CONSTRAINT `uniform_ibfk_1` FOREIGN KEY (`c_name`) REFERENCES `categoryprice` (`c_name`);
COMMIT;

/*!40101 SET CHARACTER_SET_CLIENT=@OLD_CHARACTER_SET_CLIENT */;
/*!40101 SET CHARACTER_SET_RESULTS=@OLD_CHARACTER_SET_RESULTS */;
/*!40101 SET COLLATION_CONNECTION=@OLD_COLLATION_CONNECTION */;
